name,type,url,expertise_tags,skill_tags,geography,language,enabled,frequency,notes
"ReliefWeb Jobs — EiE Consultant","RSS Feed","https://reliefweb.int/jobs/rss.xml?search=%22education+in+emergencies%22+consultant","EiE","Curriculum Development;Teacher Professional Development;Evaluation","Global","English","yes","daily","Core EiE feed. ReliefWeb is the central aggregator for humanitarian consultancy roles."
"ReliefWeb Jobs — MHPSS & PSS","RSS Feed","https://reliefweb.int/jobs/rss.xml?search=MHPSS+OR+psychosocial+consultant","MHPSS;PSS","Research;Training;Facilitation","Global","English","yes","daily","Catches MHPSS/PSS roles across humanitarian agencies."
"ReliefWeb Jobs — Early Childhood","RSS Feed","https://reliefweb.int/jobs/rss.xml?search=%22early+childhood%22+consultant","ECD;ECE;ECDiE","Curriculum Development;Play-based Learning;Research","Global","English","yes","daily","ECD/ECE roles from UNICEF, Save the Children, IRC programming."
"ReliefWeb Jobs — MEL & Evaluation","RSS Feed","https://reliefweb.int/jobs/rss.xml?search=monitoring+evaluation+learning+consultant","EiE;ECD;ECE;MHPSS;SEL;TVET;Disability Inclusion;Gender","M&E;MEL;MEAL;Evaluation;Research","Global","English","yes","daily","High-volume feed (~20/poll in source radar). Strongest signal for MEL/MEAL specialists."
"ReliefWeb Jobs — Curriculum & Teacher Training","RSS Feed","https://reliefweb.int/jobs/rss.xml?search=curriculum+OR+%22teacher+training%22+consultant","EiE;TVET;ECE","Curriculum Development;Teacher Professional Development;Training","Global","English","yes","daily",""
"ReliefWeb Jobs — TVET & Youth","RSS Feed","https://reliefweb.int/jobs/rss.xml?search=TVET+OR+%22vocational+training%22+OR+%22youth+livelihoods%22","TVET","Curriculum Development;Training;Strategic Planning","Global","English","yes","daily",""
"ReliefWeb Jobs — Disability Inclusion","RSS Feed","https://reliefweb.int/jobs/rss.xml?search=%22disability+inclusion%22+OR+%22inclusive+education%22","Disability Inclusion","Research;Curriculum Development;Policy","Global","English","yes","daily",""
"ReliefWeb Jobs — Gender & Education","RSS Feed","https://reliefweb.int/jobs/rss.xml?search=gender+education+consultant","Gender","Research;Policy;Evaluation","Global","English","yes","daily",""
"ReliefWeb Jobs — SEL & Wellbeing","RSS Feed","https://reliefweb.int/jobs/rss.xml?search=%22social+emotional+learning%22+OR+SEL+OR+wellbeing+education","SEL;MHPSS","Curriculum Development;Research;Training","Global","English","yes","daily",""
"ReliefWeb Jobs — Refugee Education","RSS Feed","https://reliefweb.int/jobs/rss.xml?search=refugee+education+consultant","EiE","Curriculum Development;Strategic Planning;Evaluation","Global","English","yes","daily",""
"UNICEF Careers — Education","INGO Careers","https://jobs.unicef.org/en-us/search/?search-keyword=education+consultant","EiE;ECD;ECE;Gender;Disability Inclusion","Curriculum Development;M&E;MEL;Evaluation;Research;Training","Global","English;French;Spanish;Arabic","yes","weekly","UNICEF posts STC/consultancy roles here, not always on UNGM. No public RSS — set up a saved search with email alert."
"UNHCR — Consultant Roster & Vacancies","INGO Careers","https://www.unhcr.org/consultant-opportunities-at-unhcr.html","EiE;MHPSS;Gender","Curriculum Development;Evaluation;Research","Global","English","yes","weekly","Refugee education and protection consultancies. Register for the consultant roster."
"UNESCO Careers","INGO Careers","https://careers.unesco.org/","EiE;ECE;TVET;Gender","Research;Policy;Curriculum Development","Global","English;French","yes","weekly",""
"World Bank Group — STC/ETC Careers","INGO Careers","https://worldbankgroup.csod.com/ux/ats/careersite/1/home?c=worldbankgroup","EiE;ECE;TVET;Gender;Disability Inclusion","Research;M&E;MEL;Evaluation;Policy","Global","English","yes","weekly","Short-Term Consultant (STC) and Extended-Term Consultant (ETC) roles."
"GPE — Global Partnership for Education","Sector Network","https://www.globalpartnership.org/careers","EiE;ECE;Gender;Disability Inclusion","Policy;Evaluation;Research;Strategic Planning","Global","English;French","yes","weekly","GPE also publishes funding calls separately at globalpartnership.org/funding."
"ECW — Education Cannot Wait","Sector Network","https://www.educationcannotwait.org/our-investments","EiE","Policy;Evaluation;Strategic Planning","Global","English","yes","weekly","Humanitarian education fund. Funding calls + evaluation tenders."
"INEE — Jobs & Opportunities","Sector Network","https://inee.org/jobs","EiE;MHPSS;SEL","Curriculum Development;M&E;MEL;Research;Training","Global","English (multi)","yes","weekly","Inter-agency Network for Education in Emergencies. Central EiE community board. Also subscribe to the INEE listserv for ad-hoc calls."
"Save the Children — International Careers","INGO Careers","https://www.savethechildren.net/careers","EiE;ECD;ECE;SEL;MHPSS;Disability Inclusion","Curriculum Development;M&E;MEL;Evaluation;Research;Training","Global","English","yes","weekly",""
"Plan International — Careers","INGO Careers","https://jobs.plan-international.org/search/?q=education","EiE;Gender;ECE","Curriculum Development;Research;Evaluation","Global","English;French;Spanish","yes","weekly",""
"Norwegian Refugee Council (NRC) — Careers","INGO Careers","https://www.nrc.no/careers/","EiE;MHPSS","Curriculum Development;Evaluation;Strategic Planning","Global (refugee contexts)","English","yes","weekly",""
"International Rescue Committee (IRC) — Careers","INGO Careers","https://careers.rescue.org/","EiE;MHPSS;SEL;Gender","Curriculum Development;M&E;MEL;Evaluation;Research","Global","English","yes","weekly",""
"Mercy Corps — Careers","INGO Careers","https://www.mercycorps.org/careers","EiE;TVET;Gender","Curriculum Development;M&E;MEL;Training","Global","English","yes","weekly",""
"War Child — Careers","INGO Careers","https://www.warchildholland.org/careers/","EiE;MHPSS;SEL","Curriculum Development;Research;Evaluation","Global","English","yes","weekly","Also check warchild.net (UK)."
"Right To Play — Careers","INGO Careers","https://righttoplay.com/en/careers/","ECE;SEL","Play-based Learning;Training;Facilitation;Curriculum Development","Global","English","yes","weekly",""
"ChildFund Alliance — Careers","INGO Careers","https://www.childfundalliance.org/work-with-us","EiE;ECE;Gender","Curriculum Development;M&E;Evaluation","Global","English","yes","weekly","VERIFY URL — ChildFund Alliance careers page; member orgs (ChildFund International, Educo, BORNFonden, etc.) also post separately."
"CARE International — Careers","INGO Careers","https://www.care-international.org/about-us/jobs","Gender;EiE","M&E;MEL;Evaluation;Strategic Planning","Global","English","yes","weekly",""
"Devex — Funding & Jobs","Aggregator","https://www.devex.com/funding","EiE;ECE;Gender;TVET;Disability Inclusion","Research;M&E;MEL;Evaluation;Policy","Global","English","yes","daily","Best free intl-dev aggregator. Free tier shows top-line announcements; Pro tier ($$) for deep search. Also check devex.com/jobs?filter[contract_lengths][]=Short-term+contract+assignment for short-term consultancies."
"DevelopmentAid — Tenders & Jobs","Aggregator","https://www.developmentaid.org/tenders/search","EiE;ECE;Gender;TVET","Research;M&E;Evaluation","Global","English","no","daily","PAID subscription ($300+/year for full search). Disabled until community decides on group subscription."
"LEGO Foundation — Funding & Partnerships","Funder Page","https://learningthroughplay.com/","ECE;ECD;SEL","Play-based Learning;Curriculum Development;Research","Global","English","yes","monthly","Major ECE/play funder. RFPs are rare but high-value. Also check legofoundation.com/grants."
"Porticus — News & Calls","Funder Page","https://www.porticus.com/en/news","ECE;EiE;SEL","Research;Evaluation","Global","English","yes","monthly","VERIFY — Porticus rarely posts open calls publicly; most work is via direct invitation. Monitor news page."
"Jacobs Foundation","Funder Page","https://jacobsfoundation.org/en/news/","ECE;SEL","Research;Evaluation","Global (Sub-Saharan Africa focus)","English","yes","monthly",""
"BHP Foundation — Education Equity","Funder Page","https://www.bhp.com/sustainability/communities/bhp-foundation","EiE;TVET;Gender","Policy;Strategic Planning","Global","English","yes","monthly","VERIFY exact URL — BHP Foundation Education Equity portfolio."
"Open Society Foundations — Open Calls","Funder Page","https://www.opensocietyfoundations.org/grants/open-calls","EiE;Gender;Disability Inclusion","Policy;Research;Strategic Planning","Global","English","yes","weekly",""
"Bernard van Leer Foundation","Funder Page","https://bernardvanleer.org/","ECD;ECE","Research;Policy;Strategic Planning","Global","English","yes","monthly","Major ECD funder. Mostly direct partnerships, but worth monitoring."
"UNGM — UN Global Marketplace (Tender Alert Service)","Email Alert","https://www.ungm.org/Public/Notice","EiE;ECE;Gender;TVET;Disability Inclusion","Research;M&E;MEL;Evaluation;Curriculum Development","Global","English;French;Spanish","yes","daily","Free Tender Alert Service. Set keywords: education, MHPSS, MEL, curriculum, evaluation, teacher training. Emails delivered to admin inbox for triage."
"TED EU — Education Tenders","RSS Feed","","EiE;ECE;TVET;Gender","Research;M&E;MEL;Evaluation;Policy","Europe (also EU-funded bilateral)","English;French","no","daily","NEEDS REBUILD. Legacy URL pattern (/en/simap/rss-feed/-/rss/search/...) broken since 2024 TED overhaul. FIX: go to ted.europa.eu, search using CPV codes 80000000 (education services), then use the RSS export button on results page."
"DG ECHO — Tenders","Email Alert","https://wikis.ec.europa.eu/display/ECHOWIKI/Tenders","EiE","Research;M&E;Evaluation;Strategic Planning","Global","English;French","yes","weekly","VERIFY current URL. DG ECHO humanitarian tenders — EiE-relevant procurement."
"USAID — Business Forecast","Email Alert","https://www.usaid.gov/business-forecast","EiE;Gender;TVET;Disability Inclusion","M&E;MEL;Evaluation;Research","Global","English","yes","monthly","USAID's forecasted opportunities. Browse by sector / region. Also set keyword alert at sam.gov."
"SAM.gov — US Federal Opportunities","Email Alert","https://sam.gov/opportunities","EiE;Gender;TVET","M&E;MEL;Evaluation;Research;Curriculum Development","Global","English","yes","daily","Set up saved search with email alert. Keywords: education in emergencies, MEL, evaluation, curriculum, teacher training."
"FCDO — Supply Partner Portal","Email Alert","https://supplierregistration.cabinetoffice.gov.uk/fts","EiE;Gender;TVET","Research;M&E;Evaluation;Policy","Global","English","yes","weekly","VERIFY URL. UK FCDO contractor portal. Register + configure email alerts for education sector."
"NORAD — Tenders","Email Alert","https://www.norad.no/en/front/about-norad/jobs-and-tenders/","EiE;Gender","M&E;Evaluation;Research","Global (Norwegian aid recipients)","English","yes","weekly",""
"Sida — Tenders","Email Alert","https://www.sida.se/en/for-partners/procurement","EiE;Gender","M&E;Evaluation;Research","Global (Swedish aid recipients)","English","yes","weekly",""
"GIZ — Tender Portal","Email Alert","https://www.giz.de/en/workingwithgiz/business-opportunities.html","EiE;TVET;Gender","Curriculum Development;Training;M&E;Evaluation","Global","English;German","yes","weekly","Major German bilateral. TVET and youth livelihoods especially strong."
"AFD — Calls for Tender","Email Alert","https://www.afd.fr/en/calls-for-projects-tenders","EiE;Gender;TVET","Research;M&E;Evaluation","Francophone Africa;Global","English;French","yes","weekly","French development agency. Francophone consultancies especially."
"Google Alert — EiE Consultancy","Google Alert","","EiE","Curriculum Development;M&E;Evaluation","Global","English","yes","daily","SETUP: google.com/alerts → keyword: \"\"education in emergencies\"\" (consultant OR RFP OR \"\"call for proposals\"\") → RSS delivery. Admin paste feed URL here."
"Google Alert — MHPSS Consultancy","Google Alert","","MHPSS;PSS","Research;Training;Facilitation","Global","English","yes","daily","SETUP: keyword: \"\"MHPSS\"\" OR \"\"psychosocial support\"\" (consultant OR RFP OR tender)."
"Google Alert — Play-Based Learning RFP","Google Alert","","ECE;SEL","Play-based Learning;Curriculum Development","Global","English","yes","daily","SETUP: keyword: \"\"play-based learning\"\" OR \"\"learning through play\"\" (RFP OR grant OR consultant)."
"Google Alert — TVET Consultancy","Google Alert","","TVET","Curriculum Development;Training;Strategic Planning","Global","English","yes","daily","SETUP: keyword: TVET OR \"\"vocational training\"\" (consultant OR RFP OR \"\"call for proposals\"\")."
"Google Alert — Disability Inclusion Education","Google Alert","","Disability Inclusion","Curriculum Development;Policy;Research","Global","English","yes","daily","SETUP: keyword: \"\"disability inclusion\"\" OR \"\"inclusive education\"\" (RFP OR tender OR consultant)."
"Member Submissions","Manual Submission","","EiE;ECD;ECE;ECDiE;SEL;MHPSS;PSS;TVET;Disability Inclusion;Gender","Research;M&E;MEL;MEAL;Curriculum Development;Teacher Professional Development;Facilitation;Evaluation;Policy;Play-based Learning;Strategic Planning;Training","Global","English;French;Spanish;Arabic;Portuguese","yes","continuous","SETUP: create a Google Form linked to this Sheet. Members submit opportunities they encounter; admin reviews + promotes to opportunities tab. Replaces the ad-hoc \"\"saw this, who else might want it\"\" Slack chatter pattern."
